{
    "loss": 1.0792474746704102,
    "accuracy": 0.7482014298439026
}