{
    "loss": 1.4459477663040161,
    "accuracy": 0.8345323801040649
}