{
    "loss": 4.366676330566406,
    "accuracy": 0.6043165326118469
}